<?xml version="1.0" encoding="UTF-8"?>
<feature
      id="com.cloudgarden.jigloo"
      label="Jigloo SWT/Swing GUI Builder"
      version="2.7.2"
      provider-name="CloudGarden.com"
      os="linux,macosx,solaris,win32"
      ws="carbon,gtk,win32"
      nl="en">

   <description>
The Jigloo SWT/Swing GUI Builder manages all features of GUI 
design in a WYSIWIG editor using either the Swing or SWT toolkits.



http://www.cloudgarden.com/jigloo
   </description>

   <copyright>
      Copyright 2004 CloudGarden.com. All rights reserved.
   </copyright>

   <license>
CloudGarden.com SOFTWARE USER AGREEMENT

19th Jan, 2004



The Jigloo SWT/Swing GUI Builder is free for non-commercial use only.

 
If using Jigloo for the work of any business or corporation, a Professional
License for each person using Jigloo must be purchased from Cloudgarden.com
(please visit www.cloudgarden.com for current license costs). 



The code must not be disassembled or reverse engineered, or copied in any way.



This software is provided AS IS and any express or implied warranties, including,
but not limited to, the implied warranties of merchantability and fitness for a
particular purpose are disclaimed.



http://www.cloudgarden.com/jigloo
   </license>

   <url>
      <update label="CloudGarden update site" url="http://cloudgarden.soft-gems.net/update-site/"/>
   </url>

   <requires>
      <import plugin="org.eclipse.core.resources"/>
      <import plugin="org.eclipse.ui"/>
      <import plugin="org.eclipse.jdt.core"/>
      <import plugin="org.eclipse.jdt.ui"/>
      <import plugin="org.eclipse.jdt.launching"/>
      <import plugin="org.eclipse.core.runtime"/>
      <import plugin="org.eclipse.ui.workbench"/>
      <import plugin="org.eclipse.swt"/>
      <import plugin="org.eclipse.jface"/>
      <import plugin="org.eclipse.jface.text"/>
      <import plugin="org.eclipse.ui.views"/>
      <import plugin="org.eclipse.ui.editors"/>
      <import plugin="org.eclipse.text"/>
      <import plugin="org.eclipse.debug.core"/>
      <import plugin="org.eclipse.help"/>
   </requires>

   <plugin
         id="com.cloudgarden.jigloo"
         download-size="1MB"
         install-size="1MB"
         version="2.7.2"/>

</feature>
